BarcodeName,SampleName,Chrom,Position,Target ID,HotSpot ID,Genotype,Coverage,A Reads,C Reads,G Reads,T Reads,Pos Cov,Neg Cov,Perc Pos Cov,GQ,Maj Allele Freq,QC
IonCode_0101,test_person,chr1,1249187,rs12142199,rs12142199,AG,7390,3439,4,3947,0,4051,3339,54.8173207,99,53.41001353,
IonCode_0101,test_person,chr1,4815477,rs434504,rs434504,AA,5612,5382,8,220,2,2725,2887,48.55666429,99,95.90163934,
IonCode_0101,test_person,chr1,10847784,rs776912,rs776912,AA,3852,3799,1,6,46,1952,1900,50.67497404,99,98.62409138,
IonCode_0101,test_person,chr1,55663372,rs12130799,rs12130799,AA,5149,5120,0,28,1,2657,2492,51.60225286,99,99.43678384,
IonCode_0101,test_person,chr1,84590527,rs2139931,rs2139931,AA,6222,6217,0,5,0,2974,3248,47.79813565,99,99.91963999,
IonCode_0101,test_person,chr1,101709563,rs3737576,rs3737576,TT,7087,0,12,0,7075,3699,3388,52.19415832,99,99.83067589,
IonCode_0101,test_person,chr1,159174683,rs2814778,rs2814778,TT,5620,0,3,0,5617,2747,2873,48.87900356,99,99.94661922,
IonCode_0101,test_person,chr1,165465281,rs4657449,rs4657449,GG,2382,2,0,2380,0,1224,1158,51.38539043,99,99.91603694,
IonCode_0101,test_person,chr1,172879023,rs2227203,rs2227203,CT,5272,1,2582,2,2687,2881,2391,54.64719272,99,50.96737481,
IonCode_0101,test_person,chr1,234338303,rs7531501,rs7531501,GG,4365,125,2,4231,7,2344,2021,53.69988545,99,96.930126,
IonCode_0101,test_person,chr2,17901485,rs1834619,rs1834619,GG,7045,1,1,7043,0,3550,3495,50.39034776,99,99.97161107,
IonCode_0101,test_person,chr2,97643576,rs1796048,rs1796048,CC,3890,2,3873,0,15,1954,1936,50.23136247,99,99.56298201,
IonCode_0101,test_person,chr2,109513601,rs3827760,rs3827760,AA,7380,7372,0,8,0,3539,3841,47.95392954,99,99.89159892,
IonCode_0101,test_person,chr2,135837906,rs7570971,rs7570971,AC,5960,2961,2996,0,3,2986,2974,50.10067114,99,50.26845638,
IonCode_0101,test_person,chr2,145753166,rs1371048,rs1371048,GT,3733,1,6,1956,1770,1818,1915,48.70077686,99,52.39753549,
IonCode_0101,test_person,chr2,152814129,rs16830500,rs16830500,TT,4464,0,125,0,4339,2141,2323,47.96146953,99,97.19982079,
IonCode_0101,test_person,chr2,158667217,rs10497191,rs10497191,CC,5164,1,5074,2,87,2472,2692,47.86986832,99,98.25716499,
IonCode_0101,test_person,chr2,190497896,rs7568054,rs7568054,GG,5304,5,0,5299,0,2727,2577,51.41402715,99,99.90573152,
IonCode_0101,test_person,chr2,242393658,rs2302013,rs2302013,AA,7574,7560,1,11,2,3841,3733,50.71296541,99,99.81515712,
IonCode_0101,test_person,chr3,10222955,rs1169671,rs1169671,TT,2727,0,82,0,2645,1371,1356,50.2750275,99,96.99303264,
IonCode_0101,test_person,chr3,64272649,rs862500,rs862500,AA,6879,6702,0,5,172,3694,3185,53.69966565,99,97.42695159,
IonCode_0101,test_person,chr3,65762252,rs984038,rs984038,CT,4359,0,2278,1,2080,2155,2204,49.43794448,99,52.25969259,
IonCode_0101,test_person,chr3,108172817,rs6437783,rs6437783,CT,5682,1,2776,2,2903,2934,2748,51.63674762,99,51.09116508,
IonCode_0101,test_person,chr3,120522716,rs12629908,rs12629908,GG,4927,0,0,4925,2,2610,2317,52.97341181,99,99.95940735,
IonCode_0101,test_person,chr3,121459589,rs12498138,rs12498138,GG,3965,3,0,3960,2,2824,1141,71.22320303,99,99.8738966,_PPC;
IonCode_0101,test_person,chr3,123404711,rs820371,rs820371,CT,5331,2,2952,0,2377,2672,2659,50.12192834,99,55.37422622,
IonCode_0101,test_person,chr4,18637315,rs10012227,rs10012227,GG,4514,1,0,4513,0,2443,2071,54.12051396,99,99.9778467,
IonCode_0101,test_person,chr4,38803255,rs4540055,rs4540055,AT,5017,2586,6,5,2420,2388,2629,47.59816623,99,51.54474786,
IonCode_0101,test_person,chr4,100239319,rs1229984,rs1229984,CC,6131,1,6066,6,58,3046,3085,49.68194422,99,98.93981406,
IonCode_0101,test_person,chr4,130022161,rs1757928,rs1757928,AA,3561,3557,0,4,0,1711,1850,48.04830104,99,99.887672,
IonCode_0101,test_person,chr5,6845035,rs870347,rs870347,AA,5602,5597,0,4,1,2654,2948,47.37593717,99,99.91074616,
IonCode_0101,test_person,chr5,23239056,rs975073,rs975073,AA,7607,7413,179,14,1,3469,4138,45.60273432,99,97.44971737,
IonCode_0101,test_person,chr5,33951693,rs16891982,rs16891982,GG,2388,0,0,2388,0,1403,985,58.7520938,99,100.0,
IonCode_0101,test_person,chr5,33958959,rs28777,rs28777,AA,6548,6506,8,33,1,3181,3367,48.579719,99,99.35858277,
IonCode_0101,test_person,chr5,59759657,rs26951,rs26951,CC,3985,0,3985,0,0,2182,1803,54.7553325,99,100.0,
IonCode_0101,test_person,chr5,82402869,rs7736783,rs7736783,TT,3783,154,8,6,3615,1906,1877,50.38329368,99,95.5590801,
IonCode_0101,test_person,chr5,106804363,rs26247,rs26247,GG,6640,331,9,6298,2,3259,3381,49.0813253,99,94.84939759,_MAF;
IonCode_0101,test_person,chr5,117494640,rs10079352,rs10079352,GG,2597,43,0,2554,0,1381,1216,53.1767424,99,98.34424336,
IonCode_0101,test_person,chr5,131436896,rs39897,rs39897,TT,6723,2,145,6,6570,3516,3207,52.29808121,99,97.72423025,
IonCode_0101,test_person,chr5,136334314,rs4308478,rs4308478,CT,5191,1,2473,0,2717,2654,2537,51.12695049,99,52.34058948,
IonCode_0101,test_person,chr6,396321,rs12203592,rs12203592,CC,5537,2,5517,0,18,2480,3057,44.78959725,99,99.63879357,
IonCode_0101,test_person,chr6,457748,rs4959270,rs4959270,AA,2932,2836,90,6,0,1529,1403,52.14870396,99,96.72578445,
IonCode_0101,test_person,chr6,36490733,rs12203115,rs12203115,AG,4956,2571,0,2376,9,2267,2689,45.7425343,99,51.87651332,
IonCode_0101,test_person,chr6,110266415,rs2503770,rs2503770,AT,5008,2630,4,1,2373,2155,2853,43.03115016,99,52.51597444,
IonCode_0101,test_person,chr6,150297603,rs6933094,rs6933094,TT,5059,0,163,2,4894,2311,2748,45.68096462,99,96.73848587,
IonCode_0101,test_person,chr6,170589989,rs2180052,rs2180052,GG,2077,1,0,2076,0,1687,390,81.22291767,99,99.95185364,_PPC;
IonCode_0101,test_person,chr7,19613796,rs10257378,rs10257378,TT,6265,37,3,1,6224,3328,2937,53.12051077,99,99.34557063,
IonCode_0101,test_person,chr7,24539772,rs756913,rs756913,AG,5397,2404,5,2987,1,2776,2621,51.43598295,99,55.34556235,
IonCode_0101,test_person,chr7,28172586,rs917115,rs917115,TT,7144,1,272,0,6871,3678,3466,51.4837626,99,96.17861142,
IonCode_0101,test_person,chr7,45977173,rs2471552,rs2471552,TT,5557,0,35,1,5521,2727,2830,49.07324096,99,99.35216844,
IonCode_0101,test_person,chr7,97695363,rs705308,rs705308,AC,7391,3538,3833,4,16,3856,3535,52.17156001,99,51.86037072,
IonCode_0101,test_person,chr8,11569321,rs13267318,rs13267318,CC,5809,1,5801,1,6,2793,3016,48.08056464,99,99.86228266,
IonCode_0101,test_person,chr8,12720349,rs11778591,rs11778591,AA,4646,4530,110,6,0,2394,2252,51.5281963,99,97.50322858,
IonCode_0101,test_person,chr8,15298515,rs1495085,rs1495085,AA,3479,3421,2,55,1,1806,1673,51.91146881,99,98.33285427,
IonCode_0101,test_person,chr8,54701811,rs4737753,rs4737753,CC,2145,0,2144,0,1,1016,1129,47.36596737,99,99.95337995,
IonCode_0101,test_person,chr8,62214766,rs3844336,rs3844336,AA,4682,4671,0,11,0,2396,2286,51.17471166,99,99.76505767,
IonCode_0101,test_person,chr8,110602317,rs6990312,rs6990312,GG,3289,1,0,3288,0,1004,2285,30.52599574,99,99.96959562,
IonCode_0101,test_person,chr8,112370516,rs13280988,rs13280988,AG,4983,2475,0,2508,0,2655,2328,53.28115593,99,50.33112583,
IonCode_0101,test_person,chr8,122124302,rs2196051,rs2196051,AA,2898,2897,0,1,0,121,2777,4.175293306,99,99.96549344,_PPC;
IonCode_0101,test_person,chr8,128643231,rs6989963,rs6989963,AA,3367,3221,0,146,0,1665,1702,49.45054945,99,95.66379566,
IonCode_0101,test_person,chr9,12709305,rs683,rs683,AA,2257,2217,37,3,0,1186,1071,52.5476296,99,98.22773593,
IonCode_0101,test_person,chr9,16795286,rs10962599,rs10962599,TT,4275,2,60,4,4209,2241,2034,52.42105263,99,98.45614035,
IonCode_0101,test_person,chr9,16858084,rs10756819,rs10756819,GG,1473,0,0,1473,0,703,770,47.7257298,99,100.0,_COV;
IonCode_0101,test_person,chr9,103140157,rs2026999,rs2026999,CT,4354,0,2519,0,1835,2184,2170,50.1607717,99,57.85484612,
IonCode_0101,test_person,chr9,136769888,rs2789823,rs2789823,AA,6213,6068,124,21,0,3209,3004,51.64976662,99,97.66618381,
IonCode_0101,test_person,chr10,27443012,rs2274636,rs2274636,AA,7288,7231,0,57,0,2924,4364,40.12074643,99,99.21789243,
IonCode_0101,test_person,chr10,55935850,rs4935501,rs4935501,CC,4682,1,4678,0,3,2360,2322,50.40580948,99,99.91456642,
IonCode_0101,test_person,chr10,75577843,rs7080350,rs7080350,AG,5740,2872,3,2864,1,2911,2829,50.71428571,99,50.03484321,
IonCode_0101,test_person,chr10,78066260,rs1040934,rs1040934,TT,4297,0,55,11,4231,2170,2127,50.50034908,99,98.46404468,
IonCode_0101,test_person,chr10,94921065,rs4918664,rs4918664,AG,3744,1930,1,1810,3,1918,1826,51.22863248,99,51.5491453,
IonCode_0101,test_person,chr10,115196019,rs17130385,rs17130385,GG,6219,2,0,6216,1,3256,2963,52.35568419,99,99.95176073,
IonCode_0101,test_person,chr10,119750413,rs7084970,rs7084970,TT,2456,18,28,3,2407,1147,1309,46.7019544,99,98.00488599,
IonCode_0101,test_person,chr10,131663651,rs10764919,rs10764919,AG,3654,1763,1,1890,0,1908,1746,52.21674877,99,51.72413793,
IonCode_0101,test_person,chr11,9091244,rs3751050,rs3751050,TT,7745,0,31,3,7711,4242,3503,54.77081988,99,99.5610071,
IonCode_0101,test_person,chr11,32424389,rs5030240,rs5030240,CC,5484,0,5484,0,0,2864,2620,52.22465354,99,100.0,
IonCode_0101,test_person,chr11,61597212,rs174570,rs174570,CC,5366,0,5346,0,20,2653,2713,49.44092434,99,99.62728289,
IonCode_0101,test_person,chr11,88911696,rs1042602,rs1042602,CC,4635,12,4618,0,5,2342,2293,50.52858684,99,99.63322546,
IonCode_0101,test_person,chr11,89011046,rs1393350,rs1393350,GG,5721,239,0,5482,0,3080,2641,53.83674183,99,95.82240867,
IonCode_0101,test_person,chr11,89017961,rs1126809,rs1126809,GG,5105,98,0,5007,0,2435,2670,47.69833497,99,98.08031342,
IonCode_0101,test_person,chr11,120133494,rs2715883,rs2715883,AG,6328,3191,0,3135,2,3261,3067,51.53286979,99,50.42667509,
IonCode_0101,test_person,chr12,72307616,rs3759171,rs3759171,AG,4936,2416,0,2520,0,2465,2471,49.93922204,99,51.0534846,
IonCode_0101,test_person,chr12,74903531,rs2605361,rs2605361,AG,2598,813,0,1645,140,917,1681,35.29638183,99,63.31793687,
IonCode_0101,test_person,chr12,89328335,rs12821256,rs12821256,TT,5214,0,16,0,5198,2177,3037,41.75297277,99,99.69313387,
IonCode_0101,test_person,chr12,112211833,rs2238151,rs2238151,TT,7837,1,250,1,7585,3917,3920,49.98086002,99,96.78448386,
IonCode_0101,test_person,chr13,23667334,rs17359176,rs17359176,AG,5848,2807,0,3041,0,2943,2905,50.3248974,99,52.00068399,
IonCode_0101,test_person,chr13,44755071,rs4391951,rs4391951,TT,6554,0,23,0,6531,3041,3513,46.39914556,99,99.64906927,
IonCode_0101,test_person,chr13,72321856,rs1924381,rs1924381,CT,7438,0,3631,1,3806,3627,3811,48.76310836,99,51.16966927,
IonCode_0101,test_person,chr13,83839778,rs1398461,rs1398461,CC,3238,134,3006,97,1,1794,1444,55.40457072,99,92.83508338,_MAF;
IonCode_0101,test_person,chr13,111827167,rs9522149,rs9522149,CT,3827,0,2007,2,1818,2087,1740,54.53357721,99,52.44316697,
IonCode_0101,test_person,chr14,21671277,rs10483251,rs10483251,GT,5456,1,3,2680,2772,2749,2707,50.38489736,99,50.80645161,
IonCode_0101,test_person,chr14,43268640,rs10149275,rs10149275,GG,4909,1,0,4908,0,2466,2443,50.2342636,99,99.97962925,
IonCode_0101,test_person,chr14,49134978,rs2585339,rs2585339,GT,3817,1,9,1843,1964,1955,1862,51.21823422,99,51.45402148,
IonCode_0101,test_person,chr14,65680885,rs7148809,rs7148809,GG,4373,2,0,4192,179,2147,2226,49.09672993,99,95.86096501,
IonCode_0101,test_person,chr14,92773663,rs12896399,rs12896399,GT,3948,1,4,2002,1941,2015,1933,51.03850051,99,50.70921986,
IonCode_0101,test_person,chr14,92801203,rs2402130,rs2402130,AA,3148,3135,0,11,2,1548,1600,49.17407878,99,99.58703939,
IonCode_0101,test_person,chr14,92882826,rs17128291,rs17128291,AA,4811,4802,1,7,1,2540,2271,52.79567657,99,99.81292871,
IonCode_0101,test_person,chr15,28187772,rs1545397,rs1545397,AT,1184,614,0,0,570,596,588,50.33783784,99,51.85810811,_COV;
IonCode_0101,test_person,chr15,28197037,rs1800414,rs1800414,TT,6575,0,6,0,6569,3202,3373,48.69961977,99,99.90874525,
IonCode_0101,test_person,chr15,28230318,rs1800407,rs1800407,CC,3581,0,3570,4,7,1937,1644,54.09103602,99,99.69282323,
IonCode_0101,test_person,chr15,28271775,rs12441727,rs12441727,GG,3981,2,0,3979,0,1662,2319,41.74830445,99,99.94976137,
IonCode_0101,test_person,chr15,28288121,rs1470608,rs1470608,GG,2688,0,0,2688,0,1420,1268,52.82738095,99,100.0,
IonCode_0101,test_person,chr15,28356859,rs1129038,rs1129038,TT,6964,1,26,3,6934,3392,3572,48.70763929,99,99.5692131,
IonCode_0101,test_person,chr15,28365618,rs12913832,rs12913832,GG,7251,36,1,7213,1,3618,3633,49.89656599,99,99.47593435,
IonCode_0101,test_person,chr15,28453215,rs2238289,rs2238289,AA,5042,5034,1,5,2,2812,2230,55.77151924,99,99.8413328,
IonCode_0101,test_person,chr15,28496195,rs6497292,rs6497292,AA,5476,5452,0,23,1,2992,2484,54.63842221,99,99.56172389,
IonCode_0101,test_person,chr15,28530182,rs1667394,rs1667394,TT,2471,6,7,5,2453,1360,1111,55.03844597,99,99.27154998,
IonCode_0101,test_person,chr15,33402167,rs345769,rs345769,AA,6130,5974,117,10,29,2976,3154,48.54812398,99,97.45513866,
IonCode_0101,test_person,chr15,48426484,rs1426654,rs1426654,AA,3869,3862,0,7,0,1703,2166,44.01654174,99,99.8190747,
IonCode_0101,test_person,chr15,64161351,rs12594144,rs12594144,CC,6282,52,6229,1,0,3144,3138,50.04775549,99,99.15631964,
IonCode_0101,test_person,chr15,75044238,rs2472304,rs2472304,AG,6500,3589,0,2911,0,3305,3195,50.84615385,99,55.21538462,
IonCode_0101,test_person,chr16,2945248,rs1063677,rs1063677,CC,4828,6,4704,116,2,2429,2399,50.31068766,99,97.43164872,
IonCode_0101,test_person,chr16,10975311,rs4781011,rs4781011,GT,8756,8,10,4563,4175,4617,4139,52.72955688,99,52.11283691,
IonCode_0101,test_person,chr16,13915807,rs9934011,rs9934011,CT,2121,1,999,0,1121,1106,1015,52.14521452,99,52.8524281,
IonCode_0101,test_person,chr16,19272908,rs2269793,rs2269793,TT,2920,0,4,42,2874,1488,1432,50.95890411,99,98.42465753,
IonCode_0101,test_person,chr16,25775102,rs17625895,rs17625895,AA,5262,5097,160,5,0,2593,2669,49.27784113,99,96.86431015,
IonCode_0101,test_person,chr16,48258198,rs17822931,rs17822931,CC,4338,0,4330,2,6,2102,2236,48.45550945,99,99.81558322,
IonCode_0101,test_person,chr16,80623262,rs1452501,rs1452501,CC,5183,0,5183,0,0,2729,2454,52.65290372,99,100.0,
IonCode_0101,test_person,chr16,89383725,rs3114908,rs3114908,CC,2917,0,2795,5,117,2709,208,92.86938636,99,95.81762084,_PPC;
IonCode_0101,test_person,chr16,89730827,rs459920,rs459920,CT,7450,2,3824,2,3622,3261,4189,43.77181208,99,51.32885906,
IonCode_0101,test_person,chr16,89984378,rs3212355,rs3212355,CC,5709,0,5707,0,2,2734,2975,47.8892976,99,99.9649676,
IonCode_0101,test_person,chr16,89985750,rs312262906,rs312262906,CC,5337,0,5335,0,2,2690,2647,50.40284804,99,99.96252576,
IonCode_0101,test_person,chr16,89985844,rs1805005,rs1805005,GG,5762,3,1,5758,0,3026,2736,52.51648733,99,99.93057966,
IonCode_0101,test_person,chr16,89985918,rs1805006,rs1805006,CC,5775,1,5773,0,1,3003,2772,52.0,99,99.96536797,
IonCode_0101,test_person,chr16,89985940,rs2228479,rs2228479,GG,5756,4,0,5752,0,2992,2764,51.98054204,99,99.9305073,
IonCode_0101,test_person,chr16,89986091,rs11547464,rs11547464,GG,5628,2,2,5624,0,2672,2956,47.47690121,99,99.92892679,
IonCode_0101,test_person,chr16,89986117,rs1805007,rs1805007,CC,5635,0,5628,2,5,2672,2963,47.41792369,99,99.8757764,
IonCode_0101,test_person,chr16,89986122,rs201326893,rs201326893,CC,5633,1,5630,0,2,2672,2961,47.43475945,99,99.94674241,
IonCode_0101,test_person,chr16,89986130,rs1110400,rs1110400,TT,5625,1,12,0,5612,2667,2958,47.41333333,99,99.76888889,
IonCode_0101,test_person,chr16,89986144,rs1805008,rs1805008,CC,5629,1,5605,0,23,2664,2965,47.32634571,99,99.57363653,
IonCode_0101,test_person,chr16,89986154,rs885479,rs885479,AG,5610,2579,0,3031,0,2644,2966,47.13012478,99,54.0285205,
IonCode_0101,test_person,chr16,89986546,rs1805009,rs1805009,GG,5289,5,1,5283,0,2903,2386,54.88750236,99,99.88655701,
IonCode_0101,test_person,chr16,90024206,rs8051733,rs8051733,AA,5657,5643,0,14,0,3144,2513,55.57716104,99,99.752519,
IonCode_0101,test_person,chr17,3618815,rs2737126,rs2737126,TT,5847,0,72,235,5540,2828,3019,48.36668377,99,94.74944416,_MAF;
IonCode_0101,test_person,chr17,19211073,rs8072587,rs8072587,GG,4785,6,95,4684,0,2030,2755,42.42424242,99,97.8892372,
IonCode_0101,test_person,chr17,42105174,rs4792928,rs4792928,TT,4894,1,9,1,4883,2568,2326,52.4724152,99,99.77523498,
IonCode_0101,test_person,chr17,53563782,rs9908046,rs9908046,CC,4615,0,4615,0,0,2155,2460,46.69555796,99,100.0,
IonCode_0101,test_person,chr17,58641118,rs1197062,rs1197062,TT,6188,0,4,0,6184,3074,3114,49.67679379,99,99.93535876,
IonCode_0101,test_person,chr18,20875793,rs2337024,rs2337024,GG,6812,3,3,6802,4,3257,3555,47.8126835,99,99.85320023,
IonCode_0101,test_person,chr18,40488279,rs7226659,rs7226659,GG,6872,1,0,6871,0,3632,3240,52.85215367,99,99.9854482,
IonCode_0101,test_person,chr18,67691520,rs1369290,rs1369290,CC,6519,7,6501,4,7,3407,3112,52.26261697,99,99.72388403,
IonCode_0101,test_person,chr19,11879817,rs451036,rs451036,GG,4839,1,0,4712,126,2581,2258,53.33746642,99,97.3754908,
IonCode_0101,test_person,chr19,51441807,rs8104441,rs8104441,TT,4229,0,5,0,4224,2251,1978,53.22771341,99,99.88176874,
IonCode_0101,test_person,chr20,6673018,rs6054465,rs6054465,TT,3671,0,7,0,3664,1803,1868,49.11468265,99,99.80931626,
IonCode_0101,test_person,chr20,32665748,rs6059655,rs6059655,GG,5471,22,0,5447,2,2491,2980,45.53098154,99,99.56132334,
IonCode_0101,test_person,chr20,32785212,rs6119471,rs6119471,CC,6695,0,6694,0,1,3518,3177,52.54667662,99,99.98506348,
IonCode_0101,test_person,chr20,33218090,rs2378249,rs2378249,AA,4694,4671,3,6,14,2205,2489,46.97486153,99,99.51001278,
IonCode_0101,test_person,chr20,56431009,rs6015100,rs6015100,TT,3139,0,49,1,3089,1486,1653,47.33991717,99,98.40713603,
IonCode_0101,test_person,chr20,62159504,rs310644,rs310644,TT,6929,0,3,0,6926,3371,3558,48.65059893,99,99.95670371,
IonCode_0101,test_person,chr21,45629565,rs3804030,rs3804030,AA,7090,6914,165,11,0,3582,3508,50.52186178,99,97.51763047,
IonCode_0101,test_person,chr22,30640308,rs715605,rs715605,AA,4323,4206,0,117,0,2255,2068,52.16284987,99,97.29354615,
IonCode_0101,test_person,chr22,39306080,rs5757362,rs5757362,CC,3502,0,3498,0,4,1762,1740,50.31410623,99,99.88577955,
IonCode_0101,test_person,chr22,41729216,rs8137373,rs8137373,GG,5145,11,1,5132,1,2960,2185,57.53158406,99,99.7473275,
IonCode_0101,test_person,chr22,44760984,rs1557553,rs1557553,CC,6071,0,6070,0,1,2765,3306,45.54439137,99,99.98352825,
IonCode_0103,Ctr007,chr1,1249187,rs12142199,rs12142199,AG,3497,1703,1,1792,1,1844,1653,52.73091221,99,51.24392336,
IonCode_0103,Ctr007,chr1,4815477,rs434504,rs434504,AA,2576,2573,3,0,0,1207,1369,46.85559006,99,99.88354037,
IonCode_0103,Ctr007,chr1,10847784,rs776912,rs776912,AC,1594,873,718,3,0,832,762,52.195734,99,54.76787955,
IonCode_0103,Ctr007,chr1,55663372,rs12130799,rs12130799,AA,1879,1879,0,0,0,949,930,50.50558808,99,100.0,
IonCode_0103,Ctr007,chr1,84590527,rs2139931,rs2139931,AG,2180,1178,0,998,4,1030,1150,47.24770642,99,54.03669725,
IonCode_0103,Ctr007,chr1,101709563,rs3737576,rs3737576,TT,3202,0,4,0,3198,1600,1602,49.96876952,99,99.87507808,
IonCode_0103,Ctr007,chr1,159174683,rs2814778,rs2814778,TT,2233,0,3,0,2230,1106,1127,49.52978056,99,99.86565159,
IonCode_0103,Ctr007,chr1,165465281,rs4657449,rs4657449,GG,886,0,0,886,0,449,437,50.6772009,99,100.0,
IonCode_0103,Ctr007,chr1,172879023,rs2227203,rs2227203,CT,1907,0,887,0,1020,1042,865,54.64079706,99,53.4871526,
IonCode_0103,Ctr007,chr1,234338303,rs7531501,rs7531501,GG,1587,1,0,1585,1,876,711,55.19848771,99,99.87397606,
IonCode_0103,Ctr007,chr2,17901485,rs1834619,rs1834619,AG,2738,1355,0,1383,0,1370,1368,50.03652301,99,50.51132213,
IonCode_0103,Ctr007,chr2,97643576,rs1796048,rs1796048,CT,1522,0,666,0,856,761,761,50.0,99,56.24178712,
IonCode_0103,Ctr007,chr2,109513601,rs3827760,rs3827760,AA,3002,2995,0,7,0,1492,1510,49.70019987,99,99.76682212,
IonCode_0103,Ctr007,chr2,135837906,rs7570971,rs7570971,CC,2741,0,2741,0,0,1387,1354,50.60197008,99,100.0,
IonCode_0103,Ctr007,chr2,145753166,rs1371048,rs1371048,GG,1721,4,0,1717,0,854,867,49.62231261,99,99.76757699,
IonCode_0103,Ctr007,chr2,152814129,rs16830500,rs16830500,TT,2102,0,1,0,2101,1038,1064,49.38154139,99,99.95242626,
IonCode_0103,Ctr007,chr2,158667217,rs10497191,rs10497191,CT,2371,0,1217,0,1154,1135,1236,47.87009701,99,51.32855335,
IonCode_0103,Ctr007,chr2,190497896,rs7568054,rs7568054,GG,2133,4,0,2129,0,1058,1075,49.60150023,99,99.8124707,
IonCode_0103,Ctr007,chr2,242393658,rs2302013,rs2302013,AA,2882,2879,0,3,0,1451,1431,50.34698126,99,99.89590562,
IonCode_0103,Ctr007,chr3,10222955,rs1169671,rs1169671,GT,983,0,2,494,487,512,471,52.0854527,99,50.2543235,
IonCode_0103,Ctr007,chr3,64272649,rs862500,rs862500,AA,3149,3144,0,5,0,1640,1509,52.0800254,99,99.84121943,
IonCode_0103,Ctr007,chr3,65762252,rs984038,rs984038,TT,1560,1,1,0,1558,779,781,49.93589744,99,99.87179487,
IonCode_0103,Ctr007,chr3,108172817,rs6437783,rs6437783,TT,1944,0,7,0,1937,1018,926,52.36625514,99,99.6399177,
IonCode_0103,Ctr007,chr3,120522716,rs12629908,rs12629908,GG,1917,0,0,1917,0,1036,881,54.04277517,99,100.0,
IonCode_0103,Ctr007,chr3,121459589,rs12498138,rs12498138,GG,1405,0,0,1405,0,1021,384,72.66903915,99,100.0,_PPC;
IonCode_0103,Ctr007,chr3,123404711,rs820371,rs820371,CT,2099,0,1024,0,1075,1038,1061,49.45212006,99,51.21486422,
IonCode_0103,Ctr007,chr4,18637315,rs10012227,rs10012227,GG,2158,2,0,2155,1,1175,983,54.44856348,99,99.86098239,
IonCode_0103,Ctr007,chr4,38803255,rs4540055,rs4540055,AT,2128,1061,0,2,1065,1092,1036,51.31578947,99,50.04699248,
IonCode_0103,Ctr007,chr4,100239319,rs1229984,rs1229984,CC,3268,0,3258,0,10,1608,1660,49.20440636,99,99.69400245,
IonCode_0103,Ctr007,chr4,130022161,rs1757928,rs1757928,AA,1396,1392,1,2,1,706,690,50.5730659,99,99.71346705,
IonCode_0103,Ctr007,chr5,6845035,rs870347,rs870347,AA,2128,2126,0,2,0,962,1166,45.20676692,99,99.90601504,
IonCode_0103,Ctr007,chr5,23239056,rs975073,rs975073,AC,3044,1445,1588,4,7,1453,1591,47.73324573,99,52.16819974,
IonCode_0103,Ctr007,chr5,33951693,rs16891982,rs16891982,GG,824,0,0,824,0,445,379,54.00485437,99,100.0,
IonCode_0103,Ctr007,chr5,33958959,rs28777,rs28777,AA,2434,2431,2,1,0,1224,1210,50.28759244,99,99.8767461,
IonCode_0103,Ctr007,chr5,59759657,rs26951,rs26951,CC,1406,0,1406,0,0,777,629,55.26315789,99,100.0,
IonCode_0103,Ctr007,chr5,82402869,rs7736783,rs7736783,AA,1664,1663,1,0,0,846,818,50.84134615,99,99.93990385,
IonCode_0103,Ctr007,chr5,106804363,rs26247,rs26247,GG,2592,4,2,2584,2,1270,1322,48.99691358,99,99.69135802,
IonCode_0103,Ctr007,chr5,117494640,rs10079352,rs10079352,AA,1189,1180,0,7,2,671,518,56.43397813,99,99.2430614,
IonCode_0103,Ctr007,chr5,131436896,rs39897,rs39897,TT,3140,0,4,0,3136,1628,1512,51.84713376,99,99.87261146,
IonCode_0103,Ctr007,chr5,136334314,rs4308478,rs4308478,TT,1714,0,1,0,1713,876,838,51.10851809,99,99.94165694,
IonCode_0103,Ctr007,chr6,396321,rs12203592,rs12203592,CC,1627,0,1627,0,0,685,942,42.10202827,99,100.0,
IonCode_0103,Ctr007,chr6,457748,rs4959270,rs4959270,AA,1041,1038,3,0,0,549,492,52.73775216,99,99.71181556,
IonCode_0103,Ctr007,chr6,36490733,rs12203115,rs12203115,AA,1486,1484,1,0,1,654,832,44.01076716,99,99.8654105,
IonCode_0103,Ctr007,chr6,110266415,rs2503770,rs2503770,AA,2465,2461,0,4,0,1191,1274,48.31643002,99,99.83772819,
IonCode_0103,Ctr007,chr6,150297603,rs6933094,rs6933094,TT,2488,0,2,1,2485,1119,1369,44.97588424,99,99.87942122,
IonCode_0103,Ctr007,chr6,170589989,rs2180052,rs2180052,GG,869,1,0,868,0,729,140,83.88952819,99,99.8849252,_PPC;
IonCode_0103,Ctr007,chr7,19613796,rs10257378,rs10257378,AT,2849,1374,2,3,1470,1559,1290,54.72095472,99,51.5970516,
IonCode_0103,Ctr007,chr7,24539772,rs756913,rs756913,AG,2388,1314,0,1074,0,1269,1119,53.14070352,99,55.02512563,
IonCode_0103,Ctr007,chr7,28172586,rs917115,rs917115,TT,3168,0,1,0,3167,1646,1522,51.95707071,99,99.96843434,
IonCode_0103,Ctr007,chr7,45977173,rs2471552,rs2471552,CT,1983,0,1120,1,862,949,1034,47.85678265,99,56.48008069,
IonCode_0103,Ctr007,chr7,97695363,rs705308,rs705308,AC,2540,1264,1271,2,3,1307,1233,51.45669291,99,50.03937008,
IonCode_0103,Ctr007,chr8,11569321,rs13267318,rs13267318,CT,2124,1,962,0,1161,993,1131,46.75141243,99,54.66101695,
IonCode_0103,Ctr007,chr8,12720349,rs11778591,rs11778591,AA,1611,1610,1,0,0,817,794,50.71384233,99,99.93792675,
IonCode_0103,Ctr007,chr8,15298515,rs1495085,rs1495085,AA,1246,1238,1,7,0,631,615,50.64205457,99,99.35794543,
IonCode_0103,Ctr007,chr8,54701811,rs4737753,rs4737753,CC,670,0,670,0,0,285,385,42.53731343,99,100.0,
IonCode_0103,Ctr007,chr8,62214766,rs3844336,rs3844336,AA,2234,2231,0,3,0,1187,1047,53.13339302,99,99.86571173,
IonCode_0103,Ctr007,chr8,110602317,rs6990312,rs6990312,GG,1225,0,0,1225,0,551,674,44.97959184,99,100.0,
IonCode_0103,Ctr007,chr8,112370516,rs13280988,rs13280988,AA,2187,2179,1,5,2,1164,1023,53.22359396,99,99.6342021,
IonCode_0103,Ctr007,chr8,122124302,rs2196051,rs2196051,AA,1157,1156,0,1,0,59,1098,5.099394987,99,99.91356958,_PPC;
IonCode_0103,Ctr007,chr8,128643231,rs6989963,rs6989963,AG,1396,753,0,643,0,666,730,47.70773639,99,53.93982808,
IonCode_0103,Ctr007,chr9,12709305,rs683,rs683,AA,602,600,0,2,0,318,284,52.82392027,99,99.66777409,_COV;
IonCode_0103,Ctr007,chr9,16795286,rs10962599,rs10962599,TT,1941,1,7,0,1933,999,942,51.4683153,99,99.58784132,
IonCode_0103,Ctr007,chr9,16858084,rs10756819,rs10756819,AA,253,253,0,0,0,131,122,51.77865613,99,100.0,_COV;
IonCode_0103,Ctr007,chr9,103140157,rs2026999,rs2026999,CT,1743,0,901,0,842,873,870,50.08605852,99,51.69248422,
IonCode_0103,Ctr007,chr9,136769888,rs2789823,rs2789823,AA,2653,2582,62,8,1,1363,1290,51.37580098,99,97.3237844,
IonCode_0103,Ctr007,chr10,27443012,rs2274636,rs2274636,AA,3555,3553,0,2,0,1624,1931,45.68213783,99,99.94374121,
IonCode_0103,Ctr007,chr10,55935850,rs4935501,rs4935501,CC,1515,0,1513,1,1,724,791,47.78877888,99,99.8679868,
IonCode_0103,Ctr007,chr10,75577843,rs7080350,rs7080350,AG,2817,1358,0,1459,0,1404,1413,49.84025559,99,51.79268726,
IonCode_0103,Ctr007,chr10,78066260,rs1040934,rs1040934,CT,1695,0,897,3,795,832,863,49.08554572,99,52.92035398,
IonCode_0103,Ctr007,chr10,94921065,rs4918664,rs4918664,AA,1873,1872,0,1,0,938,935,50.08008542,99,99.94660972,
IonCode_0103,Ctr007,chr10,115196019,rs17130385,rs17130385,GG,2389,1,0,2388,0,1179,1210,49.35119297,99,99.95814148,
IonCode_0103,Ctr007,chr10,119750413,rs7084970,rs7084970,TT,749,5,2,3,739,346,403,46.19492657,99,98.66488652,
IonCode_0103,Ctr007,chr10,131663651,rs10764919,rs10764919,GG,1657,1,0,1656,0,786,871,47.43512372,99,99.93964997,
IonCode_0103,Ctr007,chr11,9091244,rs3751050,rs3751050,TT,3548,0,5,0,3543,1901,1647,53.5794814,99,99.85907554,
IonCode_0103,Ctr007,chr11,32424389,rs5030240,rs5030240,CC,2352,0,2352,0,0,1259,1093,53.52891156,99,100.0,
IonCode_0103,Ctr007,chr11,61597212,rs174570,rs174570,CC,2064,0,2063,0,1,1025,1039,49.66085271,99,99.95155039,
IonCode_0103,Ctr007,chr11,88911696,rs1042602,rs1042602,AC,1470,790,676,4,0,783,687,53.26530612,99,53.7414966,
IonCode_0103,Ctr007,chr11,89011046,rs1393350,rs1393350,AA,2519,2515,2,2,0,1481,1038,58.79317189,99,99.84120683,
IonCode_0103,Ctr007,chr11,89017961,rs1126809,rs1126809,AA,1637,1633,1,3,0,765,872,46.73182651,99,99.75565058,
IonCode_0103,Ctr007,chr11,120133494,rs2715883,rs2715883,AA,3050,3047,1,2,0,1560,1490,51.14754098,99,99.90163934,
IonCode_0103,Ctr007,chr12,72307616,rs3759171,rs3759171,AA,1850,1846,0,4,0,1010,840,54.59459459,99,99.78378378,
IonCode_0103,Ctr007,chr12,74903531,rs2605361,rs2605361,GT,1430,0,0,714,716,594,836,41.53846154,99,50.06993007,
IonCode_0103,Ctr007,chr12,89328335,rs12821256,rs12821256,TT,1946,0,1,0,1945,770,1176,39.56834532,99,99.94861254,
IonCode_0103,Ctr007,chr12,112211833,rs2238151,rs2238151,CT,2919,0,1555,0,1364,1437,1482,49.22918808,99,53.27166838,
IonCode_0103,Ctr007,chr13,23667334,rs17359176,rs17359176,GG,2201,0,0,2201,0,1112,1089,50.52248978,99,100.0,
IonCode_0103,Ctr007,chr13,44755071,rs4391951,rs4391951,TT,3235,1,7,0,3227,1511,1724,46.70788253,99,99.75270479,
IonCode_0103,Ctr007,chr13,72321856,rs1924381,rs1924381,CC,2936,1,2931,0,4,1431,1505,48.73978202,99,99.82970027,
IonCode_0103,Ctr007,chr13,83839778,rs1398461,rs1398461,CG,1668,0,544,1122,2,859,809,51.49880096,99,67.26618705,_MAF;
IonCode_0103,Ctr007,chr13,111827167,rs9522149,rs9522149,CC,1882,0,1879,2,1,939,943,49.89373007,99,99.84059511,
IonCode_0103,Ctr007,chr14,21671277,rs10483251,rs10483251,GG,2409,1,0,2408,0,1200,1209,49.8132005,99,99.958489,
IonCode_0103,Ctr007,chr14,43268640,rs10149275,rs10149275,GG,2334,0,0,2334,0,1185,1149,50.77120823,99,100.0,
IonCode_0103,Ctr007,chr14,49134978,rs2585339,rs2585339,GT,1364,1,7,662,694,714,650,52.34604106,99,50.8797654,
IonCode_0103,Ctr007,chr14,65680885,rs7148809,rs7148809,GT,2064,0,0,970,1094,1026,1038,49.70930233,99,53.00387597,
IonCode_0103,Ctr007,chr14,92773663,rs12896399,rs12896399,GT,1277,0,1,673,603,631,646,49.41268598,99,52.70164448,
IonCode_0103,Ctr007,chr14,92801203,rs2402130,rs2402130,AA,1491,1489,0,2,0,738,753,49.49698189,99,99.86586184,
IonCode_0103,Ctr007,chr14,92882826,rs17128291,rs17128291,AA,2405,2402,1,1,1,1220,1185,50.72765073,99,99.87525988,
IonCode_0103,Ctr007,chr15,28187772,rs1545397,rs1545397,AT,398,188,0,0,210,208,190,52.26130653,99,52.7638191,_COV;
IonCode_0103,Ctr007,chr15,28197037,rs1800414,rs1800414,TT,2344,0,3,1,2340,1085,1259,46.2883959,99,99.82935154,
IonCode_0103,Ctr007,chr15,28230318,rs1800407,rs1800407,CT,1465,5,766,0,694,777,688,53.03754266,99,52.28668942,
IonCode_0103,Ctr007,chr15,28271775,rs12441727,rs12441727,GG,1375,0,0,1375,0,613,762,44.58181818,99,100.0,
IonCode_0103,Ctr007,chr15,28288121,rs1470608,rs1470608,GG,555,0,0,555,0,299,256,53.87387387,99,100.0,_COV;
IonCode_0103,Ctr007,chr15,28356859,rs1129038,rs1129038,CT,2707,0,1448,0,1259,1359,1348,50.20317695,99,53.49094939,
IonCode_0103,Ctr007,chr15,28365618,rs12913832,rs12913832,AG,2392,1159,0,1233,0,1124,1268,46.98996656,99,51.54682274,
IonCode_0103,Ctr007,chr15,28453215,rs2238289,rs2238289,AG,1571,864,0,707,0,860,711,54.74220242,99,54.99681731,
IonCode_0103,Ctr007,chr15,28496195,rs6497292,rs6497292,AG,2362,1084,0,1278,0,1305,1057,55.24978831,99,54.10668925,
IonCode_0103,Ctr007,chr15,28530182,rs1667394,rs1667394,CT,886,1,453,0,432,496,390,55.98194131,99,51.12866817,
IonCode_0103,Ctr007,chr15,33402167,rs345769,rs345769,AT,2541,1310,0,3,1228,1256,1285,49.42935852,99,51.5545061,
IonCode_0103,Ctr007,chr15,48426484,rs1426654,rs1426654,AA,1076,1074,0,2,0,473,603,43.95910781,99,99.81412639,
IonCode_0103,Ctr007,chr15,64161351,rs12594144,rs12594144,CC,2600,0,2600,0,0,1282,1318,49.30769231,99,100.0,
IonCode_0103,Ctr007,chr15,75044238,rs2472304,rs2472304,AG,2431,1214,0,1217,0,1220,1211,50.18510901,99,50.061703,
IonCode_0103,Ctr007,chr16,2945248,rs1063677,rs1063677,GG,2505,2,0,2503,0,1298,1207,51.81636727,99,99.92015968,
IonCode_0103,Ctr007,chr16,10975311,rs4781011,rs4781011,GG,3587,4,3,3578,2,1834,1753,51.12907722,99,99.74909395,
IonCode_0103,Ctr007,chr16,13915807,rs9934011,rs9934011,TT,779,1,0,0,778,393,386,50.44929397,99,99.8716303,
IonCode_0103,Ctr007,chr16,19272908,rs2269793,rs2269793,TT,879,0,1,0,878,448,431,50.96700796,99,99.88623436,
IonCode_0103,Ctr007,chr16,25775102,rs17625895,rs17625895,AA,1884,1880,0,4,0,890,994,47.23991507,99,99.78768577,
IonCode_0103,Ctr007,chr16,48258198,rs17822931,rs17822931,CC,1546,0,1542,0,4,804,742,52.00517464,99,99.74126779,
IonCode_0103,Ctr007,chr16,80623262,rs1452501,rs1452501,CC,2568,0,2568,0,0,1310,1258,51.01246106,99,100.0,
IonCode_0103,Ctr007,chr16,89383725,rs3114908,rs3114908,CT,1114,0,500,2,612,1040,74,93.3572711,99,54.93716338,_PPC;
IonCode_0103,Ctr007,chr16,89730827,rs459920,rs459920,CT,2756,0,1491,0,1265,1227,1529,44.52104499,99,54.10014514,
IonCode_0103,Ctr007,chr16,89984378,rs3212355,rs3212355,CC,2137,0,2136,1,0,1046,1091,48.94712213,99,99.95320543,
IonCode_0103,Ctr007,chr16,89985750,rs312262906,rs312262906,CC,2344,0,2344,0,0,1185,1159,50.55460751,99,100.0,
IonCode_0103,Ctr007,chr16,89985844,rs1805005,rs1805005,GG,2272,0,0,2272,0,1211,1061,53.30105634,99,100.0,
IonCode_0103,Ctr007,chr16,89985918,rs1805006,rs1805006,CC,2276,1,2274,0,1,1201,1075,52.76801406,99,99.91212654,
IonCode_0103,Ctr007,chr16,89985940,rs2228479,rs2228479,GG,2272,0,0,2272,0,1197,1075,52.68485915,99,100.0,
IonCode_0103,Ctr007,chr16,89986091,rs11547464,rs11547464,GG,2250,1,0,2249,0,1089,1161,48.4,99,99.95555556,
IonCode_0103,Ctr007,chr16,89986117,rs1805007,rs1805007,CC,2251,0,2251,0,0,1089,1162,48.37849845,99,100.0,
IonCode_0103,Ctr007,chr16,89986122,rs201326893,rs201326893,CC,2250,0,2250,0,0,1087,1163,48.31111111,99,100.0,
IonCode_0103,Ctr007,chr16,89986130,rs1110400,rs1110400,TT,2247,0,1,0,2246,1087,1160,48.37561193,99,99.95549622,
IonCode_0103,Ctr007,chr16,89986144,rs1805008,rs1805008,CC,2247,0,2247,0,0,1084,1163,48.24210058,99,100.0,
IonCode_0103,Ctr007,chr16,89986154,rs885479,rs885479,GG,2238,3,0,2235,0,1075,1163,48.03395889,99,99.86595174,
IonCode_0103,Ctr007,chr16,89986546,rs1805009,rs1805009,GG,2192,0,0,2192,0,1290,902,58.85036496,99,100.0,
IonCode_0103,Ctr007,chr16,90024206,rs8051733,rs8051733,AA,2277,2275,0,2,0,1297,980,56.96091348,99,99.91216513,
IonCode_0103,Ctr007,chr17,3618815,rs2737126,rs2737126,CG,3047,0,1490,1556,1,1503,1544,49.32720709,99,51.06662291,
IonCode_0103,Ctr007,chr17,19211073,rs8072587,rs8072587,GG,2010,0,9,2001,0,976,1034,48.55721393,99,99.55223881,
IonCode_0103,Ctr007,chr17,42105174,rs4792928,rs4792928,TT,1598,1,0,0,1597,890,708,55.69461827,99,99.93742178,
IonCode_0103,Ctr007,chr17,53563782,rs9908046,rs9908046,CC,2163,0,2163,0,0,1018,1145,47.0642626,99,100.0,
IonCode_0103,Ctr007,chr17,58641118,rs1197062,rs1197062,TT,2332,0,0,0,2332,1123,1209,48.15608919,99,100.0,
IonCode_0103,Ctr007,chr18,20875793,rs2337024,rs2337024,GG,2684,3,0,2681,0,1252,1432,46.64679583,99,99.88822653,
IonCode_0103,Ctr007,chr18,40488279,rs7226659,rs7226659,GG,2476,1,0,2475,0,1347,1129,54.40226171,99,99.95961228,
IonCode_0103,Ctr007,chr18,67691520,rs1369290,rs1369290,CC,2990,0,2988,1,1,1503,1487,50.26755853,99,99.93311037,
IonCode_0103,Ctr007,chr19,11879817,rs451036,rs451036,TT,1839,0,3,1,1835,929,910,50.5165851,99,99.78249048,
IonCode_0103,Ctr007,chr19,51441807,rs8104441,rs8104441,CT,1889,0,859,2,1028,979,910,51.82636316,99,54.42032822,
IonCode_0103,Ctr007,chr20,6673018,rs6054465,rs6054465,TT,1167,0,6,0,1161,686,481,58.7832048,99,99.48586118,
IonCode_0103,Ctr007,chr20,32665748,rs6059655,rs6059655,GG,2566,5,0,2561,0,1256,1310,48.94777864,99,99.80514419,
IonCode_0103,Ctr007,chr20,32785212,rs6119471,rs6119471,CC,2652,0,2652,0,0,1338,1314,50.45248869,99,100.0,
IonCode_0103,Ctr007,chr20,33218090,rs2378249,rs2378249,AA,1702,1692,2,5,3,855,847,50.23501763,99,99.41245593,
IonCode_0103,Ctr007,chr20,56431009,rs6015100,rs6015100,AT,1309,670,0,1,638,584,725,44.61420932,99,51.18411001,
IonCode_0103,Ctr007,chr20,62159504,rs310644,rs310644,TT,2411,1,3,0,2407,1168,1243,48.44462878,99,99.83409374,
IonCode_0103,Ctr007,chr21,45629565,rs3804030,rs3804030,AA,3154,3148,0,6,0,1619,1535,51.33164236,99,99.80976538,
IonCode_0103,Ctr007,chr22,30640308,rs715605,rs715605,AA,2330,2328,0,2,0,1252,1078,53.73390558,99,99.91416309,
IonCode_0103,Ctr007,chr22,39306080,rs5757362,rs5757362,TT,1216,0,0,0,1216,606,610,49.83552632,99,100.0,
IonCode_0103,Ctr007,chr22,41729216,rs8137373,rs8137373,GG,2243,1,2,2240,0,1266,977,56.44226482,99,99.86625056,
IonCode_0103,Ctr007,chr22,44760984,rs1557553,rs1557553,CC,2969,0,2967,0,2,1459,1510,49.14112496,99,99.93263725,
IonCode_0105,H2O,chr1,1249187,rs12142199,rs12142199,NN,3,0,0,3,0,3,0,100.0,0,0.0,_PPC;_NOC;
IonCode_0105,H2O,chr1,4815477,rs434504,rs434504,AG,7,6,0,1,0,3,4,42.85714286,6,85.71428571,_MAF;
IonCode_0105,H2O,chr1,10847784,rs776912,rs776912,AA,8,8,0,0,0,5,3,62.5,4,100.0,
IonCode_0105,H2O,chr1,55663372,rs12130799,rs12130799,NN,5,5,0,0,0,4,1,80.0,0,0.0,_PPC;_NOC;
IonCode_0105,H2O,chr1,84590527,rs2139931,rs2139931,NN,7,7,0,0,0,1,6,14.28571429,0,0.0,_PPC;_NOC;
IonCode_0105,H2O,chr1,101709563,rs3737576,rs3737576,NN,17,0,0,0,17,14,3,82.35294118,0,0.0,_PPC;_NOC;
IonCode_0105,H2O,chr1,159174683,rs2814778,rs2814778,NN,10,0,0,0,10,6,4,60.0,0,0.0,_NOC;
IonCode_0105,H2O,chr1,165465281,rs4657449,rs4657449,NN,1,0,0,1,0,1,0,100.0,0,0.0,_PPC;_NOC;
IonCode_0105,H2O,chr1,172879023,rs2227203,rs2227203,CT,6,0,2,0,4,2,4,33.33333333,10,66.66666667,_MAF;
IonCode_0105,H2O,chr1,234338303,rs7531501,rs7531501,NN,18,0,0,18,0,7,11,38.88888889,0,0.0,_NOC;
IonCode_0105,H2O,chr2,17901485,rs1834619,rs1834619,NN,10,2,0,8,0,7,3,70.0,0,0.0,_NOC;
IonCode_0105,H2O,chr2,97643576,rs1796048,rs1796048,CT,8,0,6,0,2,7,1,87.5,10,75.0,_PPC;_MAF;
IonCode_0105,H2O,chr2,109513601,rs3827760,rs3827760,NN,5,5,0,0,0,2,3,40.0,0,0.0,_NOC;
IonCode_0105,H2O,chr2,135837906,rs7570971,rs7570971,AC,13,5,8,0,0,7,6,53.84615385,24,61.53846154,
IonCode_0105,H2O,chr2,145753166,rs1371048,rs1371048,NN,3,0,0,2,1,2,1,66.66666667,0,0.0,_NOC;
IonCode_0105,H2O,chr2,152814129,rs16830500,rs16830500,TT,53,0,0,0,53,27,26,50.94339623,24,100.0,
IonCode_0105,H2O,chr2,158667217,rs10497191,rs10497191,CC,28,0,27,0,1,11,17,39.28571429,7,96.42857143,
IonCode_0105,H2O,chr2,190497896,rs7568054,rs7568054,GG,6,0,0,6,0,1,5,16.66666667,4,100.0,_PPC;
IonCode_0105,H2O,chr2,242393658,rs2302013,rs2302013,NN,16,16,0,0,0,11,5,68.75,0,0.0,_NOC;
IonCode_0105,H2O,chr3,10222955,rs1169671,rs1169671,TT,3,0,0,0,3,1,2,33.33333333,4,100.0,
IonCode_0105,H2O,chr3,64272649,rs862500,rs862500,NN,17,16,0,0,1,14,3,82.35294118,0,0.0,_PPC;_NOC;
IonCode_0105,H2O,chr3,65762252,rs984038,rs984038,CT,12,0,4,0,8,10,2,83.33333333,18,66.66666667,_PPC;_MAF;
IonCode_0105,H2O,chr3,108172817,rs6437783,rs6437783,CT,6,0,2,0,4,3,3,50.0,10,66.66666667,_MAF;
IonCode_0105,H2O,chr3,120522716,rs12629908,rs12629908,NN,8,0,0,8,0,6,2,75.0,0,0.0,_PPC;_NOC;
IonCode_0105,H2O,chr3,121459589,rs12498138,rs12498138,NN,5,0,0,5,0,2,3,40.0,0,0.0,_NOC;
IonCode_0105,H2O,chr3,123404711,rs820371,rs820371,CT,8,0,5,0,3,5,3,62.5,15,62.5,
IonCode_0105,H2O,chr4,18637315,rs10012227,rs10012227,NN,9,0,0,9,0,6,3,66.66666667,0,0.0,_NOC;
IonCode_0105,H2O,chr4,38803255,rs4540055,rs4540055,AT,13,6,0,0,7,5,8,38.46153846,30,53.84615385,
IonCode_0105,H2O,chr4,100239319,rs1229984,rs1229984,CC,10,0,10,0,0,3,7,30.0,4,100.0,
IonCode_0105,H2O,chr4,130022161,rs1757928,rs1757928,AA,2,2,0,0,0,2,0,100.0,4,100.0,_PPC;
IonCode_0105,H2O,chr5,6845035,rs870347,rs870347,NN,9,9,0,0,0,7,2,77.77777778,0,0.0,_PPC;_NOC;
IonCode_0105,H2O,chr5,23239056,rs975073,rs975073,AA,7,6,1,0,0,4,3,57.14285714,3,85.71428571,_MAF;
IonCode_0105,H2O,chr5,33951693,rs16891982,rs16891982,GG,7,0,0,7,0,6,1,85.71428571,4,100.0,_PPC;
IonCode_0105,H2O,chr5,33958959,rs28777,rs28777,AA,15,15,0,0,0,5,10,33.33333333,7,100.0,
IonCode_0105,H2O,chr5,59759657,rs26951,rs26951,NN,4,0,4,0,0,4,0,100.0,0,0.0,_PPC;_NOC;
IonCode_0105,H2O,chr5,82402869,rs7736783,rs7736783,TT,2,0,0,0,2,0,2,0.0,4,100.0,_PPC;
IonCode_0105,H2O,chr5,106804363,rs26247,rs26247,AG,16,3,0,13,0,12,4,75.0,9,81.25,_PPC;_MAF;
IonCode_0105,H2O,chr5,117494640,rs10079352,rs10079352,NN,8,0,0,8,0,2,6,25.0,0,0.0,_PPC;_NOC;
IonCode_0105,H2O,chr5,131436896,rs39897,rs39897,TT,6,0,0,0,6,3,3,50.0,4,100.0,
IonCode_0105,H2O,chr5,136334314,rs4308478,rs4308478,CT,13,0,8,0,5,2,11,15.38461538,24,61.53846154,_PPC;
IonCode_0105,H2O,chr6,396321,rs12203592,rs12203592,NN,11,0,11,0,0,2,9,18.18181818,0,0.0,_PPC;_NOC;
IonCode_0105,H2O,chr6,457748,rs4959270,rs4959270,AA,5,5,0,0,0,2,3,40.0,4,100.0,
IonCode_0105,H2O,chr6,36490733,rs12203115,rs12203115,AG,8,6,0,2,0,0,8,0.0,10,75.0,_PPC;_MAF;
IonCode_0105,H2O,chr6,110266415,rs2503770,rs2503770,AT,5,3,0,0,2,1,4,20.0,9,60.0,_PPC;
IonCode_0105,H2O,chr6,150297603,rs6933094,rs6933094,NN,10,0,0,0,10,7,3,70.0,0,0.0,_NOC;
IonCode_0105,H2O,chr6,170589989,rs2180052,rs2180052,AA,16,15,0,1,0,15,1,93.75,3,93.75,_PPC;_MAF;
IonCode_0105,H2O,chr7,19613796,rs10257378,rs10257378,NN,10,1,0,0,9,6,4,60.0,0,0.0,_NOC;
IonCode_0105,H2O,chr7,24539772,rs756913,rs756913,AG,5,3,0,2,0,2,3,40.0,9,60.0,
IonCode_0105,H2O,chr7,28172586,rs917115,rs917115,TT,67,0,0,0,67,35,32,52.23880597,30,100.0,
IonCode_0105,H2O,chr7,45977173,rs2471552,rs2471552,TT,7,0,0,0,7,2,5,28.57142857,4,100.0,_PPC;
IonCode_0105,H2O,chr7,97695363,rs705308,rs705308,AC,7,5,2,0,0,7,0,100.0,10,71.42857143,_PPC;_MAF;
IonCode_0105,H2O,chr8,11569321,rs13267318,rs13267318,CC,6,0,6,0,0,4,2,66.66666667,4,100.0,
IonCode_0105,H2O,chr8,12720349,rs11778591,rs11778591,AA,11,11,0,0,0,5,6,45.45454545,5,100.0,
IonCode_0105,H2O,chr8,15298515,rs1495085,rs1495085,AA,7,7,0,0,0,3,4,42.85714286,4,100.0,
IonCode_0105,H2O,chr8,54701811,rs4737753,rs4737753,NN,4,0,4,0,0,1,3,25.0,0,0.0,_PPC;_NOC;
IonCode_0105,H2O,chr8,62214766,rs3844336,rs3844336,NN,7,7,0,0,0,5,2,71.42857143,0,0.0,_PPC;_NOC;
IonCode_0105,H2O,chr8,110602317,rs6990312,rs6990312,NN,3,0,0,3,0,0,3,0.0,0,0.0,_PPC;_NOC;
IonCode_0105,H2O,chr8,112370516,rs13280988,rs13280988,AA,3,3,0,0,0,3,0,100.0,4,100.0,_PPC;
IonCode_0105,H2O,chr8,122124302,rs2196051,rs2196051,NN,3,3,0,0,0,1,2,33.33333333,0,0.0,_NOC;
IonCode_0105,H2O,chr8,128643231,rs6989963,rs6989963,NN,3,2,0,1,0,2,1,66.66666667,0,0.0,_NOC;
IonCode_0105,H2O,chr9,12709305,rs683,rs683,AA,4,4,0,0,0,4,0,100.0,4,100.0,_PPC;
IonCode_0105,H2O,chr9,16795286,rs10962599,rs10962599,TT,8,0,0,0,8,7,1,87.5,4,100.0,_PPC;
IonCode_0105,H2O,chr9,16858084,rs10756819,rs10756819,-,0,0,0,0,0,0,0,0.0,0,0.0,_PPC;_NOC;
IonCode_0105,H2O,chr9,103140157,rs2026999,rs2026999,NN,2,0,0,0,2,2,0,100.0,0,0.0,_PPC;_NOC;
IonCode_0105,H2O,chr9,136769888,rs2789823,rs2789823,AC,16,13,2,1,0,8,8,50.0,5,81.25,_MAF;
IonCode_0105,H2O,chr10,27443012,rs2274636,rs2274636,NN,5,5,0,0,0,3,2,60.0,0,0.0,_NOC;
IonCode_0105,H2O,chr10,55935850,rs4935501,rs4935501,NN,8,0,8,0,0,6,2,75.0,0,0.0,_PPC;_NOC;
IonCode_0105,H2O,chr10,75577843,rs7080350,rs7080350,AG,8,6,0,2,0,8,0,100.0,10,75.0,_PPC;_MAF;
IonCode_0105,H2O,chr10,78066260,rs1040934,rs1040934,TT,56,0,0,0,56,34,22,60.71428571,25,100.0,
IonCode_0105,H2O,chr10,94921065,rs4918664,rs4918664,NN,4,4,0,0,0,3,1,75.0,0,0.0,_PPC;_NOC;
IonCode_0105,H2O,chr10,115196019,rs17130385,rs17130385,NN,10,0,0,10,0,6,4,60.0,0,0.0,_NOC;
IonCode_0105,H2O,chr10,119750413,rs7084970,rs7084970,-,0,0,0,0,0,0,0,0.0,0,0.0,_PPC;_NOC;
IonCode_0105,H2O,chr10,131663651,rs10764919,rs10764919,AG,3,1,0,2,0,2,1,66.66666667,5,66.66666667,_MAF;
IonCode_0105,H2O,chr11,9091244,rs3751050,rs3751050,NN,22,0,1,0,21,18,4,81.81818182,0,0.0,_PPC;_NOC;
IonCode_0105,H2O,chr11,32424389,rs5030240,rs5030240,NN,6,0,6,0,0,2,4,33.33333333,0,0.0,_NOC;
IonCode_0105,H2O,chr11,61597212,rs174570,rs174570,NN,11,0,11,0,0,3,8,27.27272727,0,0.0,_PPC;_NOC;
IonCode_0105,H2O,chr11,88911696,rs1042602,rs1042602,NN,5,0,5,0,0,4,1,80.0,0,0.0,_PPC;_NOC;
IonCode_0105,H2O,chr11,89011046,rs1393350,rs1393350,NN,13,2,0,11,0,2,11,15.38461538,0,0.0,_PPC;_NOC;
IonCode_0105,H2O,chr11,89017961,rs1126809,rs1126809,NN,15,2,0,13,0,3,12,20.0,0,0.0,_PPC;_NOC;
IonCode_0105,H2O,chr11,120133494,rs2715883,rs2715883,NN,61,56,0,5,0,35,26,57.37704918,0,0.0,_NOC;
IonCode_0105,H2O,chr12,72307616,rs3759171,rs3759171,AG,7,3,0,4,0,4,3,57.14285714,15,57.14285714,
IonCode_0105,H2O,chr12,74903531,rs2605361,rs2605361,AA,1,1,0,0,0,0,1,0.0,4,100.0,_PPC;
IonCode_0105,H2O,chr12,89328335,rs12821256,rs12821256,NN,5,0,0,0,5,1,4,20.0,0,0.0,_PPC;_NOC;
IonCode_0105,H2O,chr12,112211833,rs2238151,rs2238151,NN,5,0,0,0,5,4,1,80.0,0,0.0,_PPC;_NOC;
IonCode_0105,H2O,chr13,23667334,rs17359176,rs17359176,AG,7,2,0,5,0,5,2,71.42857143,10,71.42857143,_PPC;_MAF;
IonCode_0105,H2O,chr13,44755071,rs4391951,rs4391951,NN,8,0,0,0,8,4,4,50.0,0,0.0,_NOC;
IonCode_0105,H2O,chr13,72321856,rs1924381,rs1924381,CT,8,0,4,0,4,4,4,50.0,19,50.0,
IonCode_0105,H2O,chr13,83839778,rs1398461,rs1398461,CC,6,0,6,0,0,3,3,50.0,4,100.0,
IonCode_0105,H2O,chr13,111827167,rs9522149,rs9522149,CT,5,0,2,0,3,3,2,60.0,9,60.0,
IonCode_0105,H2O,chr14,21671277,rs10483251,rs10483251,GT,12,0,0,5,7,4,8,33.33333333,25,58.33333333,
IonCode_0105,H2O,chr14,43268640,rs10149275,rs10149275,NN,5,0,0,5,0,1,4,20.0,0,0.0,_PPC;_NOC;
IonCode_0105,H2O,chr14,49134978,rs2585339,rs2585339,GT,13,0,0,8,5,8,5,61.53846154,24,61.53846154,
IonCode_0105,H2O,chr14,65680885,rs7148809,rs7148809,GG,9,0,0,9,0,8,1,88.88888889,4,100.0,_PPC;
IonCode_0105,H2O,chr14,92773663,rs12896399,rs12896399,GT,12,0,0,5,7,5,7,41.66666667,25,58.33333333,
IonCode_0105,H2O,chr14,92801203,rs2402130,rs2402130,AA,2,2,0,0,0,1,1,50.0,4,100.0,
IonCode_0105,H2O,chr14,92882826,rs17128291,rs17128291,NN,7,7,0,0,0,6,1,85.71428571,0,0.0,_PPC;_NOC;
IonCode_0105,H2O,chr15,28187772,rs1545397,rs1545397,NN,3,2,0,0,1,2,1,66.66666667,0,0.0,_NOC;
IonCode_0105,H2O,chr15,28197037,rs1800414,rs1800414,NN,3,0,0,0,3,1,2,33.33333333,0,0.0,_NOC;
IonCode_0105,H2O,chr15,28230318,rs1800407,rs1800407,NN,4,0,4,0,0,3,1,75.0,0,0.0,_PPC;_NOC;
IonCode_0105,H2O,chr15,28271775,rs12441727,rs12441727,NN,4,0,0,4,0,1,3,25.0,0,0.0,_PPC;_NOC;
IonCode_0105,H2O,chr15,28288121,rs1470608,rs1470608,NN,3,0,0,3,0,2,1,66.66666667,0,0.0,_NOC;
IonCode_0105,H2O,chr15,28356859,rs1129038,rs1129038,TT,8,0,0,0,8,3,5,37.5,4,100.0,
IonCode_0105,H2O,chr15,28365618,rs12913832,rs12913832,AG,10,1,0,9,0,7,3,70.0,5,90.0,_MAF;
IonCode_0105,H2O,chr15,28453215,rs2238289,rs2238289,NN,8,7,0,1,0,5,3,62.5,0,0.0,_NOC;
IonCode_0105,H2O,chr15,28496195,rs6497292,rs6497292,AG,9,7,0,2,0,5,4,55.55555556,10,77.77777778,_MAF;
IonCode_0105,H2O,chr15,28530182,rs1667394,rs1667394,TT,8,0,0,0,8,5,3,62.5,4,100.0,
IonCode_0105,H2O,chr15,33402167,rs345769,rs345769,NN,5,5,0,0,0,2,3,40.0,0,0.0,_NOC;
IonCode_0105,H2O,chr15,48426484,rs1426654,rs1426654,NN,20,20,0,0,0,10,10,50.0,0,0.0,_NOC;
IonCode_0105,H2O,chr15,64161351,rs12594144,rs12594144,NN,12,0,12,0,0,3,9,25.0,0,0.0,_PPC;_NOC;
IonCode_0105,H2O,chr15,75044238,rs2472304,rs2472304,AG,13,10,0,3,0,5,8,38.46153846,11,76.92307692,_MAF;
IonCode_0105,H2O,chr16,2945248,rs1063677,rs1063677,CG,7,0,6,1,0,3,4,42.85714286,6,85.71428571,_MAF;
IonCode_0105,H2O,chr16,10975311,rs4781011,rs4781011,GT,21,0,0,9,12,13,8,61.9047619,41,57.14285714,
IonCode_0105,H2O,chr16,13915807,rs9934011,rs9934011,CT,4,0,2,0,2,1,3,25.0,7,50.0,_PPC;
IonCode_0105,H2O,chr16,19272908,rs2269793,rs2269793,NN,6,0,0,0,6,4,2,66.66666667,0,0.0,_NOC;
IonCode_0105,H2O,chr16,25775102,rs17625895,rs17625895,NN,9,8,1,0,0,2,7,22.22222222,0,0.0,_PPC;_NOC;
IonCode_0105,H2O,chr16,48258198,rs17822931,rs17822931,NN,6,0,6,0,0,4,2,66.66666667,0,0.0,_NOC;
IonCode_0105,H2O,chr16,80623262,rs1452501,rs1452501,NN,10,0,10,0,0,8,2,80.0,0,0.0,_PPC;_NOC;
IonCode_0105,H2O,chr16,89383725,rs3114908,rs3114908,CC,3,0,3,0,0,3,0,100.0,4,100.0,_PPC;
IonCode_0105,H2O,chr16,89730827,rs459920,rs459920,CT,9,0,6,0,3,4,5,44.44444444,15,66.66666667,_MAF;
IonCode_0105,H2O,chr16,89984378,rs3212355,rs3212355,NN,6,0,6,0,0,3,3,50.0,0,0.0,_NOC;
IonCode_0105,H2O,chr16,89985750,rs312262906,rs312262906,NN,11,0,11,0,0,9,2,81.81818182,0,0.0,_PPC;_NOC;
IonCode_0105,H2O,chr16,89985844,rs1805005,rs1805005,NN,5,0,0,5,0,4,1,80.0,0,0.0,_PPC;_NOC;
IonCode_0105,H2O,chr16,89985918,rs1805006,rs1805006,NN,5,0,5,0,0,4,1,80.0,0,0.0,_PPC;_NOC;
IonCode_0105,H2O,chr16,89985940,rs2228479,rs2228479,NN,5,0,0,5,0,4,1,80.0,0,0.0,_PPC;_NOC;
IonCode_0105,H2O,chr16,89986091,rs11547464,rs11547464,NN,5,0,0,5,0,3,2,60.0,0,0.0,_NOC;
IonCode_0105,H2O,chr16,89986117,rs1805007,rs1805007,NN,5,0,5,0,0,3,2,60.0,0,0.0,_NOC;
IonCode_0105,H2O,chr16,89986122,rs201326893,rs201326893,NN,5,0,5,0,0,3,2,60.0,0,0.0,_NOC;
IonCode_0105,H2O,chr16,89986130,rs1110400,rs1110400,NN,5,0,0,0,5,3,2,60.0,0,0.0,_NOC;
IonCode_0105,H2O,chr16,89986144,rs1805008,rs1805008,NN,5,0,5,0,0,3,2,60.0,0,0.0,_NOC;
IonCode_0105,H2O,chr16,89986154,rs885479,rs885479,AG,5,2,0,3,0,3,2,60.0,9,60.0,
IonCode_0105,H2O,chr16,89986546,rs1805009,rs1805009,NN,7,0,0,7,0,4,3,57.14285714,0,0.0,_NOC;
IonCode_0105,H2O,chr16,90024206,rs8051733,rs8051733,AA,45,45,0,0,0,23,22,51.11111111,20,100.0,
IonCode_0105,H2O,chr17,3618815,rs2737126,rs2737126,TT,4,0,0,0,4,1,3,25.0,4,100.0,_PPC;
IonCode_0105,H2O,chr17,19211073,rs8072587,rs8072587,GG,3,0,0,3,0,2,1,66.66666667,4,100.0,
IonCode_0105,H2O,chr17,42105174,rs4792928,rs4792928,NN,9,0,0,0,9,4,5,44.44444444,0,0.0,_NOC;
IonCode_0105,H2O,chr17,53563782,rs9908046,rs9908046,NN,9,0,9,0,0,3,6,33.33333333,0,0.0,_NOC;
IonCode_0105,H2O,chr17,58641118,rs1197062,rs1197062,NN,3,0,0,0,3,1,2,33.33333333,0,0.0,_NOC;
IonCode_0105,H2O,chr18,20875793,rs2337024,rs2337024,GG,7,0,0,7,0,3,4,42.85714286,4,100.0,
IonCode_0105,H2O,chr18,40488279,rs7226659,rs7226659,NN,6,0,0,6,0,5,1,83.33333333,0,0.0,_PPC;_NOC;
IonCode_0105,H2O,chr18,67691520,rs1369290,rs1369290,AC,8,1,7,0,0,5,3,62.5,6,87.5,_MAF;
IonCode_0105,H2O,chr19,11879817,rs451036,rs451036,GG,4,0,0,4,0,3,1,75.0,4,100.0,_PPC;
IonCode_0105,H2O,chr19,51441807,rs8104441,rs8104441,NN,6,0,0,0,6,2,4,33.33333333,0,0.0,_NOC;
IonCode_0105,H2O,chr20,6673018,rs6054465,rs6054465,NN,13,0,0,0,13,3,10,23.07692308,0,0.0,_PPC;_NOC;
IonCode_0105,H2O,chr20,32665748,rs6059655,rs6059655,GG,4,0,0,4,0,3,1,75.0,4,100.0,_PPC;
IonCode_0105,H2O,chr20,32785212,rs6119471,rs6119471,NN,14,0,14,0,0,13,1,92.85714286,0,0.0,_PPC;_NOC;
IonCode_0105,H2O,chr20,33218090,rs2378249,rs2378249,AA,7,7,0,0,0,4,3,57.14285714,4,100.0,
IonCode_0105,H2O,chr20,56431009,rs6015100,rs6015100,NN,1,0,0,0,1,1,0,100.0,0,0.0,_PPC;_NOC;
IonCode_0105,H2O,chr20,62159504,rs310644,rs310644,NN,9,0,0,0,9,4,5,44.44444444,0,0.0,_NOC;
IonCode_0105,H2O,chr21,45629565,rs3804030,rs3804030,NN,17,17,0,0,0,3,14,17.64705882,0,0.0,_PPC;_NOC;
IonCode_0105,H2O,chr22,30640308,rs715605,rs715605,NN,12,11,0,1,0,6,6,50.0,0,0.0,_NOC;
IonCode_0105,H2O,chr22,39306080,rs5757362,rs5757362,CT,5,0,4,0,1,0,5,0.0,6,80.0,_PPC;_MAF;
IonCode_0105,H2O,chr22,41729216,rs8137373,rs8137373,AA,35,32,0,3,0,20,15,57.14285714,3,91.42857143,_MAF;
IonCode_0105,H2O,chr22,44760984,rs1557553,rs1557553,NN,7,0,7,0,0,3,4,42.85714286,0,0.0,_NOC;
